Source,Timestamp,WindowTitle,ProcessPath,URL,IsForeground,OcrText,Filename,SHA256,FileSize,MTime,CTime,Flags,FlagReasons,AutopsyCorroboration
ukg.db,2026-03-15T09:00:02,Google Chrome - Gmail,C:\Windows\System32\chrome.exe,https://mail.google.com,True,Legal document review - privileged,ba4d42b7-e7cb-b03c-bfc4-e47d48f65d18.jpg,,0,,,,,FS match: ba4d42b7-e7cb-b03c-bfc4-e47d48f65d18.jpg modified 2026-03-15T09:00:02
ukg.db,2026-03-15T09:01:19,Microsoft Word - Document1,C:\Program Files\WINWORD.EXE,,True,Network topology diagram discussion,bcd52bdb-fb90-35fa-adec-ebb5f9bd31d0.jpg,,0,,,,,FS match: bcd52bdb-fb90-35fa-adec-ebb5f9bd31d0.jpg modified 2026-03-15T09:01:19
ukg.db,2026-03-15T09:01:49,File Explorer - Documents,C:\Windows\System32\explorer.exe,,True,Network topology diagram discussion,b16bfa01-f5a8-3ffa-c621-cf2a97edeef9.jpg,,0,,,,,FS match: b16bfa01-f5a8-3ffa-c621-cf2a97edeef9.jpg modified 2026-03-15T09:01:49
ukg.db,2026-03-15T09:03:04,Visual Studio Code - project,C:\Windows\System32\Code.exe,,True,Legal document review - privileged,c37bd5fb-91ac-bd7a-50d6-bfff2cf8b8eb.jpg,,0,,,,,FS match: c37bd5fb-91ac-bd7a-50d6-bfff2cf8b8eb.jpg modified 2026-03-15T09:03:04
ukg.db,2026-03-15T09:03:37,Task Manager,C:\Windows\System32\Taskmgr.exe,,True,CONFIDENTIAL - For internal use only,fc37c94f-d4fd-0193-85ab-1a8aaaeabbbf.jpg,,0,,,"confidential, taskmgr",File/window marked CONFIDENTIAL — possible sensitive data access | Task Manager opened — possible process termination/hiding attempt,FS match: fc37c94f-d4fd-0193-85ab-1a8aaaeabbbf.jpg modified 2026-03-15T09:03:37
ukg.db,2026-03-15T09:04:54,Command Prompt,C:\Windows\System32\cmd.exe,,True,Private key backup: -----BEGIN RSA PRIVATE KEY-----,dbc0d1cc-d228-e8cc-42c3-e7a1aad6fa6b.jpg,,0,,,"private, cmd.exe",File/window marked PRIVATE — restricted data indicator | Windows Command Prompt (cmd.exe) — command execution detected,FS match: dbc0d1cc-d228-e8cc-42c3-e7a1aad6fa6b.jpg modified 2026-03-15T09:04:54
ukg.db,2026-03-15T09:06:13,Windows PowerShell,C:\Windows\System32\powershell.exe,,True,Project timeline and deliverables for Q1 2026,728e2e99-eb00-a70c-ccc1-e0f7f711fefb.jpg,,0,,,powershell,PowerShell execution detected — scripting/admin activity,FS match: 728e2e99-eb00-a70c-ccc1-e0f7f711fefb.jpg modified 2026-03-15T09:06:13
ukg.db,2026-03-15T09:06:15,Notepad - Untitled,C:\Windows\System32\notepad.exe,,False,Project timeline and deliverables for Q1 2026,4bb38b6e-55c4-4614-b7cb-f8b29fa420cd.jpg,,0,,,burst_activity,Consecutive events < 5 seconds apart — possible automated activity,FS match: 4bb38b6e-55c4-4614-b7cb-f8b29fa420cd.jpg modified 2026-03-15T09:06:15
ukg.db,2026-03-15T09:06:47,Dropbox - Upload,C:\Windows\System32\Dropbox.exe,https://dropbox.com/upload,True,Project timeline and deliverables for Q1 2026,e3d7f3b6-eda9-db2d-3b1a-db0b9cfc1cb5.jpg,,0,,,"upload, dropbox",Upload action detected — data being sent externally | Dropbox detected — cloud file sync/share platform,FS match: e3d7f3b6-eda9-db2d-3b1a-db0b9cfc1cb5.jpg modified 2026-03-15T09:06:47
ukg.db,2026-03-15T09:07:33,PuTTY Configuration,C:\Windows\System32\putty.exe,,True,Database connection string: Server=prod-db;User=admin;Password=Pass123!,b597cfaf-6aae-d015-b2cf-5c6c6fdcb774.jpg,,0,,,,,FS match: b597cfaf-6aae-d015-b2cf-5c6c6fdcb774.jpg modified 2026-03-15T09:07:33
ukg.db,2026-03-15T09:07:47,Chrome - Pastebin,C:\Windows\System32\chrome.exe,https://pastebin.com/raw/abc123,True,VPN configuration export file,3bb83aa9-853c-d49c-9d5e-79ac036ae746.jpg,,0,,,"export, pastebin",Export action detected — data being copied/exported | Pastebin.com detected — common code/data leak platform,FS match: 3bb83aa9-853c-d49c-9d5e-79ac036ae746.jpg modified 2026-03-15T09:07:47
ukg.db,2026-03-15T09:08:13,Chrome - GitHub,C:\Windows\System32\chrome.exe,https://github.com,True,Code review comments and suggestions,eaa0d8a6-ed45-6e3a-a4ac-a915ba809f1b.jpg,,0,,,,,FS match: eaa0d8a6-ed45-6e3a-a4ac-a915ba809f1b.jpg modified 2026-03-15T09:08:13
ukg.db,2026-03-15T09:09:07,Microsoft Outlook,C:\Program Files\OUTLOOK.EXE,,True,Username: admin Password: secret123,c3ebdb6c-1ffe-e401-937c-c6b90d5bbe97.jpg,,0,,,secret,File/window contains 'secret' — possible sensitive data access,FS match: c3ebdb6c-1ffe-e401-937c-c6b90d5bbe97.jpg modified 2026-03-15T09:09:07
ukg.db,2026-03-15T09:10:23,Registry Editor,C:\Windows\System32\regedit.exe,,True,Private key backup: -----BEGIN RSA PRIVATE KEY-----,16ee35cb-e9ac-5df0-c9f2-9fb429e5c33d.jpg,,0,,,"private, regedit",File/window marked PRIVATE — restricted data indicator | Registry Editor detected — system configuration modification,FS match: 16ee35cb-e9ac-5df0-c9f2-9fb429e5c33d.jpg modified 2026-03-15T09:10:23
ukg.db,2026-03-15T09:10:24,Adobe Acrobat Reader,C:\Windows\System32\AcroRd32.exe,,False,Database connection string: Server=prod-db;User=admin;Password=Pass123!,46fca5cc-9b78-25a6-28ec-bc72fa15b670.jpg,,0,,,burst_activity,Consecutive events < 5 seconds apart — possible automated activity,FS match: 46fca5cc-9b78-25a6-28ec-bc72fa15b670.jpg modified 2026-03-15T09:10:24
ukg.db,2026-03-15T09:11:43,Excel - CONFIDENTIAL_Q1.xlsx,C:\Program Files\EXCEL.EXE,,True,Security audit findings report,7f6b83a4-bdf9-8199-6aa3-1ac28a2b1bec.jpg,,0,,,confidential,File/window marked CONFIDENTIAL — possible sensitive data access,FS match: 7f6b83a4-bdf9-8199-6aa3-1ac28a2b1bec.jpg modified 2026-03-15T09:11:43
ukg.db,2026-03-15T09:11:49,MEGAsync - Upload,C:\Windows\System32\MEGAsync.exe,https://mega.nz/folder/abc,True,Code review comments and suggestions,fc88befa-ccc6-4dc9-e20e-fbacf88f2ab4.jpg,,0,,,"upload, mega.nz",Upload action detected — data being sent externally | MEGA cloud storage detected — known data exfiltration platform,FS match: fc88befa-ccc6-4dc9-e20e-fbacf88f2ab4.jpg modified 2026-03-15T09:11:49
ukg.db,2026-03-15T09:11:58,Word - secret_strategy.docx,C:\Program Files\WINWORD.EXE,,True,Network topology diagram discussion,a4474ffd-7cfd-afed-eacc-f4e0ac7c17e8.jpg,,0,,,secret,File/window contains 'secret' — possible sensitive data access,FS match: a4474ffd-7cfd-afed-eacc-f4e0ac7c17e8.jpg modified 2026-03-15T09:11:58
ukg.db,2026-03-15T09:13:30,Chrome - YouTube,C:\Windows\System32\chrome.exe,https://youtube.com,True,Bank account details: 1234-5678-9012-3456,dbc028a3-7de4-6ebf-9abf-41a6bf7323a8.jpg,,0,,,,,FS match: dbc028a3-7de4-6ebf-9abf-41a6bf7323a8.jpg modified 2026-03-15T09:13:30
ukg.db,2026-03-15T09:14:11,Slack - General,C:\Windows\System32\slack.exe,,True,API Key: sk-1234567890abcdef,ac13cf8e-5ce6-df27-874c-d4bbfe0fbd5a.jpg,,0,,,,,FS match: ac13cf8e-5ce6-df27-874c-d4bbfe0fbd5a.jpg modified 2026-03-15T09:14:11
ukg.db,2026-03-15T09:14:42,Microsoft Teams,C:\Windows\System32\Teams.exe,,True,Meeting notes - product launch strategy,5d3864c3-1aab-6be9-cd0a-dcc4ef5cda74.jpg,,0,,,,,FS match: 5d3864c3-1aab-6be9-cd0a-dcc4ef5cda74.jpg modified 2026-03-15T09:14:42
ukg.db,2026-03-15T09:14:45,Chrome - LinkedIn,C:\Windows\System32\chrome.exe,https://linkedin.com,True,Username: admin Password: secret123,364deee5-bd82-3862-e7a1-ef38ff5fefd8.jpg,,0,,,"secret, burst_activity",File/window contains 'secret' — possible sensitive data access | Consecutive events < 5 seconds apart — possible automated activity,FS match: 364deee5-bd82-3862-e7a1-ef38ff5fefd8.jpg modified 2026-03-15T09:14:45
ukg.db,2026-03-15T09:16:00,Paint - Untitled,C:\Windows\System32\mspaint.exe,,False,Employee salary data for department,064bbda5-9e1e-ba12-0d8d-a29c0d5befa6.jpg,,0,,,,,FS match: 064bbda5-9e1e-ba12-0d8d-a29c0d5befa6.jpg modified 2026-03-15T09:16:00
ukg.db,2026-03-15T09:17:02,Calculator,C:\Windows\System32\Calculator.exe,,True,Code review comments and suggestions,01aae15b-46b2-5b9e-8bbe-c431d0a6cd4c.jpg,,0,,,,,FS match: 01aae15b-46b2-5b9e-8bbe-c431d0a6cd4c.jpg modified 2026-03-15T09:17:02
ukg.db,2026-03-15T09:18:14,Notepad++ - notes.txt,C:\Windows\System32\notepad++.exe,,True,API Key: sk-1234567890abcdef,ea8cde54-ce83-ac47-d41b-5abda6abd7c4.jpg,,0,,,,,FS match: ea8cde54-ce83-ac47-d41b-5abda6abd7c4.jpg modified 2026-03-15T09:18:14
ukg.db,2026-03-15T09:18:56,Chrome - AWS Console,C:\Windows\System32\chrome.exe,https://console.aws.amazon.com,True,Private key backup: -----BEGIN RSA PRIVATE KEY-----,ab9c6fa3-ec54-264f-6ccf-f929bfbb67b2.jpg,,0,,,private,File/window marked PRIVATE — restricted data indicator,FS match: ab9c6fa3-ec54-264f-6ccf-f929bfbb67b2.jpg modified 2026-03-15T09:18:56
ukg.db,2026-03-15T09:20:01,Windows Terminal,C:\Windows\System32\wt.exe,,True,Username: admin Password: secret123,6c3c5315-84e6-d429-94b4-6278c06d6edf.jpg,,0,,,secret,File/window contains 'secret' — possible sensitive data access,FS match: 6c3c5315-84e6-d429-94b4-6278c06d6edf.jpg modified 2026-03-15T09:20:01
ukg.db,2026-03-15T09:20:52,Chrome - Google Drive,C:\Windows\System32\chrome.exe,https://drive.google.com,True,Code review comments and suggestions,519b80e4-d248-8ebf-bea4-13cf37c1cbe8.jpg,,0,,,,,FS match: 519b80e4-d248-8ebf-bea4-13cf37c1cbe8.jpg modified 2026-03-15T09:20:52
ukg.db,2026-03-15T09:20:54,Excel - Budget_2026.xlsx,C:\Program Files\EXCEL.EXE,,True,Legal document review - privileged,a4e5b171-ae1f-6efa-b2b9-38ec74e69783.jpg,,0,,,burst_activity,Consecutive events < 5 seconds apart — possible automated activity,FS match: a4e5b171-ae1f-6efa-b2b9-38ec74e69783.jpg modified 2026-03-15T09:20:54
ukg.db,2026-03-15T09:22:24,Chrome - Twitter,C:\Windows\System32\chrome.exe,https://twitter.com,True,Server credentials: root/toor,3af85dd5-8cbd-5238-6ee5-3efdb06d4e42.jpg,,0,,,,,FS match: 3af85dd5-8cbd-5238-6ee5-3efdb06d4e42.jpg modified 2026-03-15T09:22:24
ukg.db,2026-03-15T09:23:32,Word - employee_review.docx,C:\Program Files\WINWORD.EXE,,True,API Key: sk-1234567890abcdef,a84b5c47-cb9e-5ac3-c23f-3b08eaf11301.jpg,,0,,,,,FS match: a84b5c47-cb9e-5ac3-c23f-3b08eaf11301.jpg modified 2026-03-15T09:23:32
ukg.db,2026-03-15T09:24:34,Chrome - NetBanking,C:\Windows\System32\chrome.exe,https://netbanking.example.com,True,Employee salary data for department,982f33f9-cee0-ea8b-cf8c-9ac29f41aec4.jpg,,0,,,,,FS match: 982f33f9-cee0-ea8b-cf8c-9ac29f41aec4.jpg modified 2026-03-15T09:24:34
ukg.db,2026-03-15T09:24:43,Chrome - Facebook,C:\Windows\System32\chrome.exe,https://facebook.com,True,Username: admin Password: secret123,aefe89f1-4633-acd7-de9e-a75c3acffc30.jpg,,0,,,secret,File/window contains 'secret' — possible sensitive data access,FS match: aefe89f1-4633-acd7-de9e-a75c3acffc30.jpg modified 2026-03-15T09:24:43
ukg.db,2026-03-15T09:25:18,Chrome - Reddit,C:\Windows\System32\chrome.exe,https://reddit.com,True,Username: admin Password: secret123,1cdceda3-cdca-fd9a-ee51-ccfeb0fa5f2d.jpg,,0,,,secret,File/window contains 'secret' — possible sensitive data access,FS match: 1cdceda3-cdca-fd9a-ee51-ccfeb0fa5f2d.jpg modified 2026-03-15T09:25:18
ukg.db,2026-03-15T09:25:22,VLC Media Player,C:\Windows\System32\vlc.exe,,True,Code review comments and suggestions,accadb7b-afcf-c593-c611-f3c34eea1ab7.jpg,,0,,,burst_activity,Consecutive events < 5 seconds apart — possible automated activity,FS match: accadb7b-afcf-c593-c611-f3c34eea1ab7.jpg modified 2026-03-15T09:25:22
ukg.db,2026-03-15T09:25:25,7-Zip File Manager,C:\Windows\System32\7zFM.exe,,True,CONFIDENTIAL - For internal use only,8b01dae3-f1d7-2803-d9c6-0b4f5bfffc45.jpg,,0,,,"confidential, burst_activity",File/window marked CONFIDENTIAL — possible sensitive data access | Consecutive events < 5 seconds apart — possible automated activity,FS match: 8b01dae3-f1d7-2803-d9c6-0b4f5bfffc45.jpg modified 2026-03-15T09:25:25
ukg.db,2026-03-15T09:26:31,Chrome - Pastebin Raw,C:\Windows\System32\chrome.exe,https://pastebin.com/raw/xyz789,True,API Key: sk-1234567890abcdef,dace57d6-cdee-65a6-a9eb-d6b5a565e67b.jpg,,0,,,pastebin,Pastebin.com detected — common code/data leak platform,FS match: dace57d6-cdee-65a6-a9eb-d6b5a565e67b.jpg modified 2026-03-15T09:26:31
ukg.db,2026-03-15T09:27:05,PowerShell - Admin,C:\Windows\System32\powershell.exe,,True,CONFIDENTIAL - For internal use only,ed2bcb69-573a-1adc-5ef0-a28ec9b425fc.jpg,,0,,,"confidential, powershell",File/window marked CONFIDENTIAL — possible sensitive data access | PowerShell execution detected — scripting/admin activity,FS match: ed2bcb69-573a-1adc-5ef0-a28ec9b425fc.jpg modified 2026-03-15T09:27:05
ukg.db,2026-03-15T09:28:02,Chrome - Dropbox,C:\Windows\System32\chrome.exe,https://dropbox.com,True,Legal document review - privileged,af102b11-31f8-2292-5ddf-24bfcddaaef3.jpg,,0,,,dropbox,Dropbox detected — cloud file sync/share platform,FS match: af102b11-31f8-2292-5ddf-24bfcddaaef3.jpg modified 2026-03-15T09:28:02
ukg.db,2026-03-15T09:30:01,Zoom Meeting,C:\Windows\System32\Zoom.exe,,True,Server credentials: root/toor,ee3b9e6e-9cb1-520b-717c-a8eb6c0550f4.jpg,,0,,,,,FS match: ee3b9e6e-9cb1-520b-717c-a8eb6c0550f4.jpg modified 2026-03-15T09:30:01
ImageStore (EXIF),2026-03-15T13:45:00,Inbox - Microsoft Outlook,C:\Program Files\Microsoft Office\root\Office16\OUTLOOK.EXE,,true,,recall_20260315_134500_000.jpg,66b97e4b8756fef88b2b63c8150095c96fd089cef9347b1ca3783d24e427b372,33680,2026-03-31T17:12:55.001247,2026-03-31T17:12:54.987678,,,FS match: recall_20260315_134500_000.jpg modified 2026-03-15T13:45:00
ImageStore (EXIF),2026-03-15T13:45:45,Q1_Financial_Report_CONFIDENTIAL.xlsx - Excel,C:\Program Files\Microsoft Office\root\Office16\EXCEL.EXE,,true,,recall_20260315_134545_001.jpg,76ba14c6dcf0cc4a8d1a6530f4f5d1433906ba40de8ed70c4ebca860e271060c,33696,2026-03-31T17:12:55.023135,2026-03-31T17:12:55.014711,confidential,File/window marked CONFIDENTIAL — possible sensitive data access,FS match: recall_20260315_134545_001.jpg modified 2026-03-15T13:45:45
ImageStore (EXIF),2026-03-15T13:46:30,Q1_Financial_Report_CONFIDENTIAL.xlsx - Excel,C:\Program Files\Microsoft Office\root\Office16\EXCEL.EXE,,true,,recall_20260315_134630_002.jpg,4c299581a69605720939ce5495b52304a00c99052a42dba81c0c9d4904e1195e,33696,2026-03-31T17:12:55.041292,2026-03-31T17:12:55.027991,confidential,File/window marked CONFIDENTIAL — possible sensitive data access,FS match: recall_20260315_134630_002.jpg modified 2026-03-15T13:46:30
ImageStore (EXIF),2026-03-15T13:47:30,secret_strategy_2026.docx - Word,C:\Program Files\Microsoft Office\root\Office16\WINWORD.EXE,,true,,recall_20260315_134730_003.jpg,00dc6a55826d1abcb40a72f16e68730c12557b3e50e1cb8d18f6ca989d310867,33684,2026-03-31T17:12:55.057672,2026-03-31T17:12:55.045021,secret,File/window contains 'secret' — possible sensitive data access,FS match: recall_20260315_134730_003.jpg modified 2026-03-15T13:47:30
ImageStore (EXIF),2026-03-15T13:48:40,File Transfer - Mega,C:\Users\jsmith\AppData\Local\MEGAsync\MEGAsync.exe,https://mega.nz/folder/xYzAbCdE#upload,true,,recall_20260315_134840_004.jpg,7c2901f19b32b15407f1c363a01815b4755881575c31ec94afdc89c234d9bd58,33707,2026-03-31T17:12:55.071205,2026-03-31T17:12:55.060189,"upload, transfer, mega.nz",Upload action detected — data being sent externally | Transfer action detected — data movement indicator | MEGA cloud storage detected — known data exfiltration platform,FS match: recall_20260315_134840_004.jpg modified 2026-03-15T13:48:40
ImageStore (EXIF),2026-03-15T13:48:44,File Transfer - Mega,C:\Users\jsmith\AppData\Local\MEGAsync\MEGAsync.exe,https://mega.nz/folder/xYzAbCdE#upload,true,,recall_20260315_134844_005.jpg,4bdce7de0af2b2bb6f3b0541444fc450d6eab278fb66e084e5995bd3e53b766c,33707,2026-03-31T17:12:55.087131,2026-03-31T17:12:55.079561,"upload, transfer, mega.nz, burst_activity",Upload action detected — data being sent externally | Transfer action detected — data movement indicator | MEGA cloud storage detected — known data exfiltration platform | Consecutive events < 5 seconds apart — possible automated activity,FS match: recall_20260315_134844_005.jpg modified 2026-03-15T13:48:44
ImageStore (EXIF),2026-03-15T13:48:48,File Transfer - Mega (Upload Complete),C:\Users\jsmith\AppData\Local\MEGAsync\MEGAsync.exe,https://mega.nz/folder/xYzAbCdE#upload,true,,recall_20260315_134848_006.jpg,452844a8171533d91558c1382254bbedd11c31ef5d74dee63af52fed27fff082,33725,2026-03-31T17:12:55.104043,2026-03-31T17:12:55.094504,"upload, transfer, mega.nz, burst_activity",Upload action detected — data being sent externally | Transfer action detected — data movement indicator | MEGA cloud storage detected — known data exfiltration platform | Consecutive events < 5 seconds apart — possible automated activity,FS match: recall_20260315_134848_006.jpg modified 2026-03-15T13:48:48
ImageStore (EXIF),2026-03-15T13:50:10,Administrator: Windows PowerShell,C:\Windows\System32\WindowsPowerShell\v1.0\powershell.exe,,true,,recall_20260315_135010_007.jpg,932ea2662490234d8fed08886aa5587f25d98838255130bcf54c26bd6219db57,33689,2026-03-31T17:12:55.118820,2026-03-31T17:12:55.111792,powershell,PowerShell execution detected — scripting/admin activity,FS match: recall_20260315_135010_007.jpg modified 2026-03-15T13:50:10
ImageStore (EXIF),2026-03-15T13:51:20,Inbox - Microsoft Outlook,C:\Program Files\Microsoft Office\root\Office16\OUTLOOK.EXE,,true,,recall_20260315_135120_008.jpg,c07d4e24a0ab7174169c30a5cfce9b08c69fd952f81aecaebf3fae0cd4895fba,33680,2026-03-31T17:12:55.134814,2026-03-31T17:12:55.123803,,,FS match: recall_20260315_135120_008.jpg modified 2026-03-15T13:51:20
ImageStore (EXIF),2026-03-15T13:52:20,Google Chrome,C:\Program Files\Google\Chrome\Application\chrome.exe,https://www.linkedin.com/jobs/,true,,recall_20260315_135220_009.jpg,d3c0816726fbe3c4fb984a94eca32c5edbbbc1d46962a2f44a685b20951bd7e7,33691,2026-03-31T17:12:55.140642,2026-03-31T17:12:55.140642,,,FS match: recall_20260315_135220_009.jpg modified 2026-03-15T13:52:20
ImageStore (EXIF),2026-04-20T17:48:23,create a beautiful post for my linkdin about DevOps and why we need it must be... — Mozilla Firefox,C:\Program Files\Mozilla Firefox\firefox.exe,,true,,recall_20260420_174823_001.jpg,504c946d310e11a1f4eacdf82bcec05ea84d5228d9e564d3570ddb68d109c13c,226101,2026-04-20T17:48:23.590897,2026-04-21T14:35:56.059105,,,FS match: recall_20260420_174823_001.jpg modified 2026-04-20T17:48:23
ImageStore (EXIF),2026-04-20T17:48:28,Using Timeshift for System's Snapshots and Recovery on Debian 12 via Command Line - DEV Community — Mozilla Firefox,C:\Program Files\Mozilla Firefox\firefox.exe,,true,,recall_20260420_174828_002.jpg,f8006e6ee53196b876caabf5056c2547099a4eb86f32e39e4ace4ca2ac75062e,343480,2026-04-20T17:48:28.678160,2026-04-21T14:35:56.105390,,,FS match: recall_20260420_174828_002.jpg modified 2026-04-20T17:48:28
ImageStore (EXIF),2026-04-20T17:48:33,DeepSeek - Into the Unknown — Mozilla Firefox,C:\Program Files\Mozilla Firefox\firefox.exe,,true,,recall_20260420_174833_003.jpg,150710bc66dfe769102918c9c13b1072efa9bdefa793e8639cd8668e46abd889,97810,2026-04-20T17:48:33.854580,2026-04-21T14:35:56.170519,,,FS match: recall_20260420_174833_003.jpg modified 2026-04-20T17:48:33
ImageStore (EXIF),2026-04-20T17:48:38,C:\Windows\System32\cmd.exe - python  capture_snapshots.py,C:\Program Files\WindowsApps\Microsoft.WindowsTerminal_1.24.10921.0_x64__8wekyb3d8bbwe\WindowsTerminal.exe,,true,,recall_20260420_174838_004.jpg,02f6bf7bc83472df5d7175e506bab8807546c507d8033d3b84a660cf59b72089,185120,2026-04-20T17:48:39.008378,2026-04-21T14:35:56.216439,"cmd.exe, python",Windows Command Prompt (cmd.exe) — command execution detected | Python interpreter running — script execution in terminal,FS match: recall_20260420_174838_004.jpg modified 2026-04-20T17:48:38
ImageStore (EXIF),2026-04-20T17:48:44,DFTT - File Explorer,C:\Windows\explorer.exe,,true,,recall_20260420_174844_005.jpg,daf552a2d556e56508be0d631f4fec8d72f2b44f3a81524fb87ce393db10b0dc,142980,2026-04-20T17:48:44.233431,2026-04-21T14:35:56.281847,,,FS match: recall_20260420_174844_005.jpg modified 2026-04-20T17:48:44
ImageStore (EXIF),2026-04-20T17:48:49,DISK (D:) - File Explorer,C:\Windows\explorer.exe,,true,,recall_20260420_174849_006.jpg,da8d2c1448cf6ec4509f67a1c7bac534a3369d6d86a7bf169f0ad526a855a802,111827,2026-04-20T17:48:49.376416,2026-04-21T14:35:56.345925,,,FS match: recall_20260420_174849_006.jpg modified 2026-04-20T17:48:49
ImageStore (EXIF),2026-04-20T17:48:54,create a beautiful post for my linkdin about DevOps and why we need it must be... — Mozilla Firefox,C:\Program Files\Mozilla Firefox\firefox.exe,,true,,recall_20260420_174854_007.jpg,2589f7e8a8be3338507cd4570933cd936522f95801cd0efc40fc3c33aebed807,239088,2026-04-20T17:48:54.559107,2026-04-21T14:35:56.391776,,,FS match: recall_20260420_174854_007.jpg modified 2026-04-20T17:48:54
ImageStore (EXIF),2026-04-20T17:48:59,C:\Windows\System32\cmd.exe - python  capture_snapshots.py,C:\Program Files\WindowsApps\Microsoft.WindowsTerminal_1.24.10921.0_x64__8wekyb3d8bbwe\WindowsTerminal.exe,,true,,recall_20260420_174859_008.jpg,9d9a9bd50b7e0fbbb7ce78ad232b853e6d13a0369c74dd45d37980ce9a630633,282728,2026-04-20T17:48:59.681986,2026-04-21T14:35:56.457294,"cmd.exe, python",Windows Command Prompt (cmd.exe) — command execution detected | Python interpreter running — script execution in terminal,FS match: recall_20260420_174859_008.jpg modified 2026-04-20T17:48:59
ImageStore (EXIF),2026-04-20T17:49:09,C:\Windows\System32\cmd.exe - python  capture_snapshots.py,C:\Program Files\WindowsApps\Microsoft.WindowsTerminal_1.24.10921.0_x64__8wekyb3d8bbwe\WindowsTerminal.exe,,true,,recall_20260420_174909_010.jpg,89785e15b8398750cfa882b9f0e6ca718d0c511d3d5d139b81610c1b5d0aeda5,268605,2026-04-20T17:49:09.960628,2026-04-21T14:35:56.568204,"cmd.exe, python",Windows Command Prompt (cmd.exe) — command execution detected | Python interpreter running — script execution in terminal,FS match: recall_20260420_174909_010.jpg modified 2026-04-20T17:49:09
ImageStore (EXIF),2026-04-21T14:41:56,Problem loading page — Mozilla Firefox,C:\Program Files\Mozilla Firefox\firefox.exe,,true,,recall_20260421_144156_009.jpg,6a7274a32a904f0a97aaa22959dbb175f6e2ee2e11d1412718df60cc5f069814,108270,2026-04-21T14:41:56.315427,2026-04-21T14:41:56.231880,,,FS match: recall_20260421_144156_009.jpg modified 2026-04-21T14:41:56
ImageStore (EXIF),2026-04-21T14:42:16,Home - Google Drive — Mozilla Firefox,C:\Program Files\Mozilla Firefox\firefox.exe,,true,,recall_20260421_144216_011.jpg,38213d475ea7933bd82ba36e3a92dd5eaa23660b55b080ede6bf79d85bd7b535,228844,2026-04-21T14:42:16.827867,2026-04-21T14:42:16.741607,,,FS match: recall_20260421_144216_011.jpg modified 2026-04-21T14:42:16
ImageStore (EXIF),2026-04-21T14:42:26,Bin - Google Drive — Mozilla Firefox,C:\Program Files\Mozilla Firefox\firefox.exe,,true,,recall_20260421_144226_012.jpg,de8e9c3e5d7a142b43bbf6947a37a131959e2f67f143d05936219248aca95c70,138714,2026-04-21T14:42:27.020704,2026-04-21T14:42:26.958163,,,FS match: recall_20260421_144226_012.jpg modified 2026-04-21T14:42:26
ImageStore (EXIF),2026-04-21T14:42:37,C:\Windows\System32\cmd.exe - python  capture_snapshots.py --count 15 --interval 10 --output ./my_captures,C:\Program Files\WindowsApps\Microsoft.WindowsTerminal_1.24.10921.0_x64__8wekyb3d8bbwe\WindowsTerminal.exe,,true,,recall_20260421_144237_013.jpg,e5e32b1c1d9507e9e13f6042eb6135b758704bda0f106dfbad7478e376ddd20e,222639,2026-04-21T14:42:37.159403,2026-04-21T14:42:37.138400,"cmd.exe, python",Windows Command Prompt (cmd.exe) — command execution detected | Python interpreter running — script execution in terminal,FS match: recall_20260421_144237_013.jpg modified 2026-04-21T14:42:37
ImageStore (EXIF),2026-04-21T14:42:47,"Network Concepts: IP, NAT, and DHCP - Google Gemini — Mozilla Firefox",C:\Program Files\Mozilla Firefox\firefox.exe,,true,,recall_20260421_144247_014.jpg,a5780e128b92aa52877e006c24c404a40d274310c3cff6285232fad484e3f622,219087,2026-04-21T14:42:47.260161,2026-04-21T14:42:47.251204,,,FS match: recall_20260421_144247_014.jpg modified 2026-04-21T14:42:47
ImageStore (EXIF),2026-04-21T14:42:57,"Network Concepts: IP, NAT, and DHCP - Google Gemini — Mozilla Firefox",C:\Program Files\Mozilla Firefox\firefox.exe,,true,,recall_20260421_144257_015.jpg,0f02fbaae14325b04aea771c1eb6fb019a5962447f6c94261f5d7083e3a4e1cd,219217,2026-04-21T14:42:57.354821,2026-04-21T14:42:57.345820,,,FS match: recall_20260421_144257_015.jpg modified 2026-04-21T14:42:57
